Date,Open,High,Low,Close,Adj Close,Volume
,AIMAU,AIMAU,AIMAU,AIMAU,AIMAU,AIMAU
2022-04-26,9.960000038146973,9.989999771118164,9.960000038146973,9.970000267028809,9.970000267028809,6767317
2022-04-27,9.989999771118164,9.989999771118164,9.970000267028809,9.979999542236328,9.979999542236328,609309
2022-04-28,9.979999542236328,9.989999771118164,9.979999542236328,9.979999542236328,9.979999542236328,197369
2022-04-29,9.979999542236328,9.989999771118164,9.970000267028809,9.970000267028809,9.970000267028809,107517
2022-05-02,9.972299575805664,9.972299575805664,9.972299575805664,9.972299575805664,9.972299575805664,355
2022-05-03,9.970000267028809,9.989999771118164,9.970000267028809,9.984999656677246,9.984999656677246,14988
2022-05-04,9.984999656677246,9.984999656677246,9.984999656677246,9.984999656677246,9.984999656677246,0
2022-05-05,9.979999542236328,9.979999542236328,9.979999542236328,9.979999542236328,9.979999542236328,3787
2022-05-06,9.979999542236328,9.979999542236328,9.949999809265137,9.960000038146973,9.960000038146973,307720
2022-05-09,9.960000038146973,9.960000038146973,9.949999809265137,9.954999923706055,9.954999923706055,311829
2022-05-10,9.949999809265137,9.949999809265137,9.939200401306152,9.9399995803833,9.9399995803833,323880
2022-05-11,9.989999771118164,9.989999771118164,9.949999809265137,9.949999809265137,9.949999809265137,2632
2022-05-12,9.949999809265137,9.949999809265137,9.949999809265137,9.949999809265137,9.949999809265137,0
2022-05-13,9.949999809265137,10.0,9.888299942016602,9.90999984741211,9.90999984741211,64254
2022-05-16,9.90999984741211,9.90999984741211,9.880000114440918,9.880000114440918,9.880000114440918,941728
2022-05-17,9.869999885559082,9.90999984741211,9.869999885559082,9.90999984741211,9.90999984741211,250
2022-05-18,9.90999984741211,9.90999984741211,9.90999984741211,9.90999984741211,9.90999984741211,0
2022-05-19,9.880000114440918,9.880000114440918,9.880000114440918,9.880000114440918,9.880000114440918,770
2022-05-20,9.880000114440918,9.880000114440918,9.880000114440918,9.880000114440918,9.880000114440918,0
2022-05-23,9.90999984741211,9.90999984741211,9.90999984741211,9.90999984741211,9.90999984741211,490
2022-05-24,9.90999984741211,9.90999984741211,9.90999984741211,9.90999984741211,9.90999984741211,0
2022-05-25,9.920000076293945,9.920000076293945,9.920000076293945,9.920000076293945,9.920000076293945,126
2022-05-26,9.920000076293945,9.920000076293945,9.920000076293945,9.920000076293945,9.920000076293945,0
2022-05-27,9.920000076293945,9.920000076293945,9.920000076293945,9.920000076293945,9.920000076293945,0
2022-05-31,9.899999618530273,9.899999618530273,9.899999618530273,9.899999618530273,9.899999618530273,200
2022-06-01,9.948399543762207,9.948399543762207,9.948399543762207,9.948399543762207,9.948399543762207,186
2022-06-02,9.9399995803833,9.9399995803833,9.9399995803833,9.9399995803833,9.9399995803833,1501
2022-06-03,9.930000305175781,9.930000305175781,9.920000076293945,9.920000076293945,9.920000076293945,2000
2022-06-06,9.920000076293945,9.920000076293945,9.920000076293945,9.920000076293945,9.920000076293945,218
2022-06-07,9.920000076293945,9.920000076293945,9.920000076293945,9.920000076293945,9.920000076293945,0
2022-06-08,10.0,10.0,9.9399995803833,10.0,10.0,3702
2022-06-09,9.9399995803833,9.9399995803833,9.9399995803833,9.9399995803833,9.9399995803833,110
2022-06-10,9.930100440979004,9.930100440979004,9.930100440979004,9.930100440979004,9.930100440979004,801
2022-06-13,9.930100440979004,9.930100440979004,9.930100440979004,9.930100440979004,9.930100440979004,0
2022-06-14,9.930100440979004,9.930100440979004,9.930100440979004,9.930100440979004,9.930100440979004,0
2022-06-15,9.930100440979004,9.930100440979004,9.930100440979004,9.930100440979004,9.930100440979004,0
2022-06-16,9.930100440979004,9.930100440979004,9.930100440979004,9.930100440979004,9.930100440979004,0
2022-06-17,9.930100440979004,9.930100440979004,9.930100440979004,9.930100440979004,9.930100440979004,0
2022-06-21,9.930100440979004,9.930100440979004,9.930100440979004,9.930100440979004,9.930100440979004,0
2022-06-22,9.930100440979004,9.930100440979004,9.930100440979004,9.930100440979004,9.930100440979004,0
2022-06-23,9.930100440979004,9.930100440979004,9.930100440979004,9.930100440979004,9.930100440979004,0
2022-06-24,9.870100021362305,9.920000076293945,9.869999885559082,9.920000076293945,9.920000076293945,9344
2022-06-27,9.920000076293945,9.920000076293945,9.920000076293945,9.920000076293945,9.920000076293945,0
2022-06-28,9.920000076293945,9.920000076293945,9.920000076293945,9.920000076293945,9.920000076293945,0
2022-06-29,9.920000076293945,9.920000076293945,9.920000076293945,9.920000076293945,9.920000076293945,0
2022-06-30,9.859999656677246,9.989999771118164,9.850000381469727,9.859999656677246,9.859999656677246,1100
2022-07-01,9.859999656677246,9.859999656677246,9.859999656677246,9.859999656677246,9.859999656677246,0
2022-07-05,9.859999656677246,9.859999656677246,9.859999656677246,9.859999656677246,9.859999656677246,0
2022-07-06,9.859999656677246,9.859999656677246,9.859999656677246,9.859999656677246,9.859999656677246,0
2022-07-07,9.859999656677246,9.859999656677246,9.859999656677246,9.859999656677246,9.859999656677246,0
2022-07-08,9.859999656677246,9.859999656677246,9.859999656677246,9.859999656677246,9.859999656677246,0
2022-07-11,9.859999656677246,9.859999656677246,9.859999656677246,9.859999656677246,9.859999656677246,0
2022-07-12,9.859999656677246,9.859999656677246,9.859999656677246,9.859999656677246,9.859999656677246,0
2022-07-13,9.859999656677246,9.859999656677246,9.859999656677246,9.859999656677246,9.859999656677246,0
2022-07-14,9.859999656677246,9.859999656677246,9.859999656677246,9.859999656677246,9.859999656677246,0
2022-07-15,9.859999656677246,9.859999656677246,9.859999656677246,9.859999656677246,9.859999656677246,0
2022-07-18,9.859999656677246,9.859999656677246,9.859999656677246,9.859999656677246,9.859999656677246,0
2022-07-19,9.859999656677246,9.859999656677246,9.859999656677246,9.859999656677246,9.859999656677246,0
2022-07-20,9.859999656677246,9.859999656677246,9.859999656677246,9.859999656677246,9.859999656677246,0
2022-07-21,9.859999656677246,9.859999656677246,9.859999656677246,9.859999656677246,9.859999656677246,0
2022-07-22,9.859999656677246,9.859999656677246,9.859999656677246,9.859999656677246,9.859999656677246,0
2022-07-25,9.895000457763672,9.895000457763672,9.890000343322754,9.890000343322754,9.890000343322754,227
2022-07-26,9.890000343322754,9.890000343322754,9.890000343322754,9.890000343322754,9.890000343322754,0
2022-07-27,9.890000343322754,9.890000343322754,9.890000343322754,9.890000343322754,9.890000343322754,0
2022-07-28,9.890000343322754,9.890000343322754,9.890000343322754,9.890000343322754,9.890000343322754,0
2022-07-29,9.890000343322754,9.890000343322754,9.890000343322754,9.890000343322754,9.890000343322754,0
2022-08-01,9.890000343322754,9.890000343322754,9.890000343322754,9.890000343322754,9.890000343322754,0
2022-08-02,9.890000343322754,9.890000343322754,9.890000343322754,9.890000343322754,9.890000343322754,0
2022-08-03,9.970000267028809,9.970000267028809,9.960000038146973,9.960000038146973,9.960000038146973,1262
2022-08-04,9.960000038146973,9.960000038146973,9.960000038146973,9.960000038146973,9.960000038146973,0
2022-08-05,9.960000038146973,9.960000038146973,9.960000038146973,9.960000038146973,9.960000038146973,0
2022-08-08,9.960000038146973,9.960000038146973,9.960000038146973,9.960000038146973,9.960000038146973,0
2022-08-09,9.960000038146973,9.960000038146973,9.960000038146973,9.960000038146973,9.960000038146973,0
2022-08-10,9.960000038146973,9.960000038146973,9.960000038146973,9.960000038146973,9.960000038146973,0
2022-08-11,9.960000038146973,9.960000038146973,9.960000038146973,9.960000038146973,9.960000038146973,0
2022-08-12,9.960000038146973,9.960000038146973,9.960000038146973,9.960000038146973,9.960000038146973,0
2022-08-15,9.960000038146973,9.960000038146973,9.960000038146973,9.960000038146973,9.960000038146973,0
2022-08-16,9.960000038146973,9.960000038146973,9.960000038146973,9.960000038146973,9.960000038146973,0
2022-08-17,9.960000038146973,9.960000038146973,9.960000038146973,9.960000038146973,9.960000038146973,0
2022-08-18,9.960000038146973,9.960000038146973,9.960000038146973,9.960000038146973,9.960000038146973,0
2022-08-19,9.960000038146973,9.960000038146973,9.960000038146973,9.960000038146973,9.960000038146973,0
2022-08-22,9.960000038146973,9.960000038146973,9.960000038146973,9.960000038146973,9.960000038146973,0
2022-08-23,9.859999656677246,9.949999809265137,9.859999656677246,9.949999809265137,9.949999809265137,1200
2022-08-24,9.949999809265137,9.949999809265137,9.949999809265137,9.949999809265137,9.949999809265137,0
2022-08-25,9.949999809265137,9.949999809265137,9.949999809265137,9.949999809265137,9.949999809265137,0
2022-08-26,9.949999809265137,9.949999809265137,9.949999809265137,9.949999809265137,9.949999809265137,0
2022-08-29,9.949999809265137,9.949999809265137,9.949999809265137,9.949999809265137,9.949999809265137,0
2022-08-30,9.949999809265137,9.949999809265137,9.949999809265137,9.949999809265137,9.949999809265137,0
2022-08-31,9.949999809265137,9.949999809265137,9.949999809265137,9.949999809265137,9.949999809265137,0
2022-09-01,9.949999809265137,9.949999809265137,9.949999809265137,9.949999809265137,9.949999809265137,0
2022-09-02,9.850000381469727,9.970000267028809,9.850000381469727,9.970000267028809,9.970000267028809,558
2022-09-06,9.970000267028809,9.970000267028809,9.970000267028809,9.970000267028809,9.970000267028809,0
2022-09-07,9.970000267028809,9.970000267028809,9.970000267028809,9.970000267028809,9.970000267028809,0
2022-09-08,9.970000267028809,9.970000267028809,9.970000267028809,9.970000267028809,9.970000267028809,0
2022-09-09,9.970000267028809,9.970000267028809,9.970000267028809,9.970000267028809,9.970000267028809,0
2022-09-12,9.970000267028809,9.970000267028809,9.970000267028809,9.970000267028809,9.970000267028809,0
2022-09-13,9.970000267028809,9.970000267028809,9.970000267028809,9.970000267028809,9.970000267028809,0
2022-09-14,9.970000267028809,9.970000267028809,9.970000267028809,9.970000267028809,9.970000267028809,0
2022-09-15,9.970000267028809,9.970000267028809,9.970000267028809,9.970000267028809,9.970000267028809,0
2022-09-16,9.970000267028809,9.970000267028809,9.970000267028809,9.970000267028809,9.970000267028809,0
2022-09-19,9.970000267028809,9.970000267028809,9.970000267028809,9.970000267028809,9.970000267028809,0
2022-09-20,9.869500160217285,9.979999542236328,9.869500160217285,9.979999542236328,9.979999542236328,684
2022-09-21,9.979999542236328,9.979999542236328,9.979999542236328,9.979999542236328,9.979999542236328,0
2022-09-22,9.979999542236328,9.979999542236328,9.979999542236328,9.979999542236328,9.979999542236328,0
2022-09-23,9.979999542236328,9.979999542236328,9.979999542236328,9.979999542236328,9.979999542236328,0
2022-09-26,9.979999542236328,9.979999542236328,9.979999542236328,9.979999542236328,9.979999542236328,0
2022-09-27,9.850000381469727,9.989999771118164,9.850000381469727,9.989999771118164,9.989999771118164,1028
2022-09-28,9.989999771118164,9.989999771118164,9.989999771118164,9.989999771118164,9.989999771118164,0
2022-09-29,9.900099754333496,9.900099754333496,9.900099754333496,9.900099754333496,9.900099754333496,1300
2022-09-30,9.900099754333496,9.900099754333496,9.900099754333496,9.900099754333496,9.900099754333496,0
2022-10-03,9.900099754333496,9.900099754333496,9.900099754333496,9.900099754333496,9.900099754333496,0
2022-10-04,9.900099754333496,9.900099754333496,9.900099754333496,9.900099754333496,9.900099754333496,0
2022-10-05,9.900099754333496,9.900099754333496,9.900099754333496,9.900099754333496,9.900099754333496,0
2022-10-06,9.900099754333496,9.900099754333496,9.900099754333496,9.900099754333496,9.900099754333496,0
2022-10-07,9.900099754333496,9.900099754333496,9.900099754333496,9.900099754333496,9.900099754333496,0
2022-10-10,9.900099754333496,9.900099754333496,9.900099754333496,9.900099754333496,9.900099754333496,0
2022-10-11,9.900099754333496,9.900099754333496,9.900099754333496,9.900099754333496,9.900099754333496,0
2022-10-12,9.900099754333496,9.900099754333496,9.900099754333496,9.900099754333496,9.900099754333496,0
2022-10-13,9.900099754333496,9.900099754333496,9.900099754333496,9.900099754333496,9.900099754333496,0
2022-10-14,9.900099754333496,9.900099754333496,9.900099754333496,9.900099754333496,9.900099754333496,0
2022-10-17,9.900099754333496,9.900099754333496,9.900099754333496,9.900099754333496,9.900099754333496,0
2022-10-18,9.900099754333496,9.900099754333496,9.900099754333496,9.900099754333496,9.900099754333496,0
2022-10-19,9.850000381469727,9.850000381469727,9.850000381469727,9.850000381469727,9.850000381469727,600
2022-10-20,9.850000381469727,9.850000381469727,9.850000381469727,9.850000381469727,9.850000381469727,0
2022-10-21,9.850000381469727,9.850000381469727,9.850000381469727,9.850000381469727,9.850000381469727,0
2022-10-24,9.850000381469727,9.850000381469727,9.850000381469727,9.850000381469727,9.850000381469727,0
2022-10-25,9.850000381469727,9.850000381469727,9.850000381469727,9.850000381469727,9.850000381469727,0
2022-10-26,9.850000381469727,9.850000381469727,9.850000381469727,9.850000381469727,9.850000381469727,0
2022-10-27,9.850000381469727,9.850000381469727,9.850000381469727,9.850000381469727,9.850000381469727,0
2022-10-28,9.850000381469727,9.850000381469727,9.850000381469727,9.850000381469727,9.850000381469727,0
2022-10-31,9.850000381469727,9.850000381469727,9.850000381469727,9.850000381469727,9.850000381469727,0
2022-11-01,9.850000381469727,9.850000381469727,9.850000381469727,9.850000381469727,9.850000381469727,0
2022-11-02,9.850000381469727,9.850000381469727,9.850000381469727,9.850000381469727,9.850000381469727,0
2022-11-03,9.989999771118164,10.0,9.989999771118164,9.989999771118164,9.989999771118164,596
2022-11-04,9.989999771118164,9.989999771118164,9.989999771118164,9.989999771118164,9.989999771118164,0
2022-11-07,9.989999771118164,9.989999771118164,9.989999771118164,9.989999771118164,9.989999771118164,0
2022-11-08,9.989999771118164,9.989999771118164,9.989999771118164,9.989999771118164,9.989999771118164,0
2022-11-09,10.0,10.09000015258789,10.0,10.0,10.0,2365
2022-11-10,10.0,10.0,10.0,10.0,10.0,0
2022-11-11,10.0,10.0,10.0,10.0,10.0,0
2022-11-14,10.0,10.0,10.0,10.0,10.0,0
2022-11-15,10.0,10.0,10.0,10.0,10.0,0
2022-11-16,10.0,10.0,10.0,10.0,10.0,0
2022-11-17,10.0,10.0,10.0,10.0,10.0,0
2022-11-18,10.0,10.0,10.0,10.0,10.0,0
2022-11-21,10.0,10.0,10.0,10.0,10.0,0
2022-11-22,10.0,10.0,10.0,10.0,10.0,0
2022-11-23,10.0,10.0,10.0,10.0,10.0,0
2022-11-25,10.0,10.0,10.0,10.0,10.0,0
2022-11-28,10.0,10.0,10.0,10.0,10.0,0
2022-11-29,10.0,10.0,10.0,10.0,10.0,0
2022-11-30,10.0,10.0,10.0,10.0,10.0,0
2022-12-01,10.0,10.0,10.0,10.0,10.0,0
2022-12-02,10.0,10.0,10.0,10.0,10.0,0
2022-12-05,10.0,10.0,10.0,10.0,10.0,0
2022-12-06,10.0,10.0,10.0,10.0,10.0,0
2022-12-07,10.0,10.0,10.0,10.0,10.0,0
2022-12-08,10.0,10.0,10.0,10.0,10.0,0
2022-12-09,10.0,10.0,10.0,10.0,10.0,0
2022-12-12,10.0,10.0,10.0,10.0,10.0,0
2022-12-13,10.0600004196167,10.0600004196167,10.029999732971191,10.029999732971191,10.029999732971191,13435
2022-12-14,10.050000190734863,10.055000305175781,10.039999961853027,10.050000190734863,10.050000190734863,16029
2022-12-15,10.050000190734863,10.050000190734863,10.039999961853027,10.039999961853027,10.039999961853027,776
2022-12-16,10.039999961853027,10.039999961853027,10.020000457763672,10.020000457763672,10.020000457763672,16900
2022-12-19,10.010000228881836,10.010000228881836,9.979999542236328,9.979999542236328,9.979999542236328,518
2022-12-20,9.979999542236328,9.979999542236328,9.979999542236328,9.979999542236328,9.979999542236328,0
2022-12-21,9.979999542236328,9.979999542236328,9.979999542236328,9.979999542236328,9.979999542236328,0
2022-12-22,10.09000015258789,10.09000015258789,10.09000015258789,10.09000015258789,10.09000015258789,100
2022-12-23,10.069999694824219,10.069999694824219,10.069999694824219,10.069999694824219,10.069999694824219,886
2022-12-27,10.069999694824219,10.069999694824219,10.069999694824219,10.069999694824219,10.069999694824219,0
2022-12-28,10.069999694824219,10.069999694824219,10.069999694824219,10.069999694824219,10.069999694824219,0
2022-12-29,10.069999694824219,10.069999694824219,10.069999694824219,10.069999694824219,10.069999694824219,0
2022-12-30,10.069999694824219,10.069999694824219,10.069999694824219,10.069999694824219,10.069999694824219,0
2023-01-03,10.050000190734863,10.050000190734863,10.050000190734863,10.050000190734863,10.050000190734863,479715
2023-01-04,10.050000190734863,10.050000190734863,10.050000190734863,10.050000190734863,10.050000190734863,0
2023-01-05,10.050000190734863,10.050000190734863,10.050000190734863,10.050000190734863,10.050000190734863,0
2023-01-06,10.050000190734863,10.050000190734863,10.050000190734863,10.050000190734863,10.050000190734863,953
2023-01-09,10.050000190734863,10.050000190734863,10.050000190734863,10.050000190734863,10.050000190734863,0
2023-01-10,10.050000190734863,10.050000190734863,10.050000190734863,10.050000190734863,10.050000190734863,200
2023-01-11,10.0600004196167,10.069999694824219,10.0600004196167,10.069999694824219,10.069999694824219,803
2023-01-12,10.069999694824219,10.069999694824219,10.069999694824219,10.069999694824219,10.069999694824219,0
2023-01-13,10.069999694824219,10.069999694824219,10.069999694824219,10.069999694824219,10.069999694824219,0
2023-01-17,10.069999694824219,10.069999694824219,10.069999694824219,10.069999694824219,10.069999694824219,0
2023-01-18,10.069999694824219,10.069999694824219,10.069999694824219,10.069999694824219,10.069999694824219,0
2023-01-19,10.069999694824219,10.069999694824219,10.069999694824219,10.069999694824219,10.069999694824219,0
2023-01-20,10.069999694824219,10.069999694824219,10.069999694824219,10.069999694824219,10.069999694824219,0
2023-01-23,10.069999694824219,10.069999694824219,10.069999694824219,10.069999694824219,10.069999694824219,0
2023-01-24,10.069999694824219,10.069999694824219,10.069999694824219,10.069999694824219,10.069999694824219,0
2023-01-25,10.069999694824219,10.069999694824219,10.069999694824219,10.069999694824219,10.069999694824219,4100
2023-01-26,10.069999694824219,10.069999694824219,10.069999694824219,10.069999694824219,10.069999694824219,0
2023-01-27,10.069999694824219,10.069999694824219,10.069999694824219,10.069999694824219,10.069999694824219,0
2023-01-30,10.149999618530273,10.149999618530273,10.074999809265137,10.100000381469727,10.100000381469727,2316
2023-01-31,10.100000381469727,10.100000381469727,10.100000381469727,10.100000381469727,10.100000381469727,0
2023-02-01,10.100000381469727,10.100000381469727,10.100000381469727,10.100000381469727,10.100000381469727,0
2023-02-02,10.1899995803833,10.1899995803833,10.1899995803833,10.1899995803833,10.1899995803833,2043
2023-02-03,9.960000038146973,10.149999618530273,9.960000038146973,9.960000038146973,9.960000038146973,1400
2023-02-06,9.960000038146973,10.149999618530273,9.960000038146973,10.010000228881836,10.010000228881836,825
2023-02-07,10.010000228881836,10.010000228881836,10.010000228881836,10.010000228881836,10.010000228881836,0
2023-02-08,10.010000228881836,10.010000228881836,10.010000228881836,10.010000228881836,10.010000228881836,0
2023-02-09,10.010000228881836,10.010000228881836,10.010000228881836,10.010000228881836,10.010000228881836,0
2023-02-10,10.010000228881836,10.010000228881836,10.010000228881836,10.010000228881836,10.010000228881836,0
2023-02-13,10.010000228881836,10.010000228881836,10.010000228881836,10.010000228881836,10.010000228881836,0
2023-02-14,10.010000228881836,10.010000228881836,10.010000228881836,10.010000228881836,10.010000228881836,0
2023-02-15,10.010000228881836,10.010000228881836,10.010000228881836,10.010000228881836,10.010000228881836,0
2023-02-16,10.010000228881836,10.010000228881836,10.010000228881836,10.010000228881836,10.010000228881836,0
2023-02-17,10.100000381469727,10.100000381469727,10.100000381469727,10.100000381469727,10.100000381469727,390
2023-02-21,10.100000381469727,10.100000381469727,10.100000381469727,10.100000381469727,10.100000381469727,0
2023-02-22,10.100000381469727,10.100000381469727,10.100000381469727,10.100000381469727,10.100000381469727,0
2023-02-23,10.100000381469727,10.100000381469727,10.100000381469727,10.100000381469727,10.100000381469727,0
2023-02-24,10.149999618530273,10.149999618530273,10.149999618530273,10.149999618530273,10.149999618530273,228
2023-02-27,10.149999618530273,10.149999618530273,10.149999618530273,10.149999618530273,10.149999618530273,0
2023-02-28,10.149999618530273,10.149999618530273,10.149999618530273,10.149999618530273,10.149999618530273,0
2023-03-01,10.149999618530273,10.149999618530273,10.149999618530273,10.149999618530273,10.149999618530273,0
2023-03-02,10.149999618530273,10.149999618530273,10.149999618530273,10.149999618530273,10.149999618530273,0
2023-03-03,10.149999618530273,10.149999618530273,10.149999618530273,10.149999618530273,10.149999618530273,0
2023-03-06,10.149999618530273,10.149999618530273,10.149999618530273,10.149999618530273,10.149999618530273,0
2023-03-07,10.149999618530273,10.149999618530273,10.149999618530273,10.149999618530273,10.149999618530273,0
2023-03-08,10.149999618530273,10.149999618530273,10.149999618530273,10.149999618530273,10.149999618530273,0
2023-03-09,10.210000038146973,10.210000038146973,10.210000038146973,10.210000038146973,10.210000038146973,400
2023-03-10,10.210000038146973,10.210000038146973,10.210000038146973,10.210000038146973,10.210000038146973,0
2023-03-13,10.210000038146973,10.210000038146973,10.210000038146973,10.210000038146973,10.210000038146973,0
2023-03-14,10.210000038146973,10.210000038146973,10.210000038146973,10.210000038146973,10.210000038146973,0
2023-03-15,10.210000038146973,10.210000038146973,10.210000038146973,10.210000038146973,10.210000038146973,0
2023-03-16,10.210000038146973,10.210000038146973,10.210000038146973,10.210000038146973,10.210000038146973,0
2023-03-17,10.210000038146973,10.210000038146973,10.210000038146973,10.210000038146973,10.210000038146973,0
2023-03-20,10.210000038146973,10.210000038146973,10.210000038146973,10.210000038146973,10.210000038146973,0
2023-03-21,10.210000038146973,10.210000038146973,10.210000038146973,10.210000038146973,10.210000038146973,0
2023-03-22,10.1899995803833,10.1899995803833,10.1899995803833,10.1899995803833,10.1899995803833,1301
2023-03-23,10.1899995803833,10.1899995803833,10.1899995803833,10.1899995803833,10.1899995803833,0
2023-03-24,10.1899995803833,10.1899995803833,10.1899995803833,10.1899995803833,10.1899995803833,0
2023-03-27,10.1899995803833,10.1899995803833,10.1899995803833,10.1899995803833,10.1899995803833,0
2023-03-28,10.1899995803833,10.1899995803833,10.1899995803833,10.1899995803833,10.1899995803833,0
2023-03-29,10.1899995803833,10.1899995803833,10.1899995803833,10.1899995803833,10.1899995803833,0
2023-03-30,10.1899995803833,10.1899995803833,10.1899995803833,10.1899995803833,10.1899995803833,0
2023-03-31,10.1899995803833,10.1899995803833,10.1899995803833,10.1899995803833,10.1899995803833,0
2023-04-03,10.1899995803833,10.1899995803833,10.1899995803833,10.1899995803833,10.1899995803833,0
2023-04-04,10.239999771118164,10.239999771118164,10.229999542236328,10.23009967803955,10.23009967803955,1048
2023-04-05,10.23009967803955,10.23009967803955,10.23009967803955,10.23009967803955,10.23009967803955,0
2023-04-06,10.23009967803955,10.23009967803955,10.23009967803955,10.23009967803955,10.23009967803955,0
2023-04-10,10.23009967803955,10.23009967803955,10.23009967803955,10.23009967803955,10.23009967803955,0
2023-04-11,10.23009967803955,10.23009967803955,10.23009967803955,10.23009967803955,10.23009967803955,0
2023-04-12,10.23009967803955,10.23009967803955,10.23009967803955,10.23009967803955,10.23009967803955,0
2023-04-13,10.23009967803955,10.23009967803955,10.23009967803955,10.23009967803955,10.23009967803955,0
2023-04-14,10.23009967803955,10.23009967803955,10.23009967803955,10.23009967803955,10.23009967803955,0
2023-04-17,10.23009967803955,10.23009967803955,10.23009967803955,10.23009967803955,10.23009967803955,0
2023-04-18,10.23009967803955,10.23009967803955,10.23009967803955,10.23009967803955,10.23009967803955,0
2023-04-19,10.23009967803955,10.23009967803955,10.23009967803955,10.23009967803955,10.23009967803955,0
2023-04-20,10.23009967803955,10.23009967803955,10.23009967803955,10.23009967803955,10.23009967803955,0
2023-04-21,10.23009967803955,10.23009967803955,10.23009967803955,10.23009967803955,10.23009967803955,0
2023-04-24,10.23009967803955,10.23009967803955,10.23009967803955,10.23009967803955,10.23009967803955,0
2023-04-25,10.270000457763672,10.270000457763672,10.270000457763672,10.270000457763672,10.270000457763672,201
2023-04-26,10.300000190734863,10.300000190734863,10.300000190734863,10.300000190734863,10.300000190734863,300
2023-04-27,10.329999923706055,11.319999694824219,10.329999923706055,11.319999694824219,11.319999694824219,25100
2023-04-28,10.649999618530273,10.649999618530273,10.649999618530273,10.649999618530273,10.649999618530273,2443
2023-05-01,10.649999618530273,10.649999618530273,10.649999618530273,10.649999618530273,10.649999618530273,0
2023-05-02,10.649999618530273,10.649999618530273,10.550000190734863,10.579999923706055,10.579999923706055,1760
2023-05-03,10.579999923706055,10.579999923706055,10.579999923706055,10.579999923706055,10.579999923706055,0
2023-05-04,10.579999923706055,10.579999923706055,10.579999923706055,10.579999923706055,10.579999923706055,0
2023-05-05,10.579999923706055,10.579999923706055,10.579999923706055,10.579999923706055,10.579999923706055,0
2023-05-08,10.579999923706055,10.579999923706055,10.579999923706055,10.579999923706055,10.579999923706055,0
2023-05-09,10.579999923706055,10.579999923706055,10.579999923706055,10.579999923706055,10.579999923706055,0
2023-05-10,10.579999923706055,10.579999923706055,10.579999923706055,10.579999923706055,10.579999923706055,0
2023-05-11,10.579999923706055,10.579999923706055,10.579999923706055,10.579999923706055,10.579999923706055,0
2023-05-12,10.579999923706055,10.579999923706055,10.579999923706055,10.579999923706055,10.579999923706055,0
2023-05-15,10.579999923706055,10.579999923706055,10.579999923706055,10.579999923706055,10.579999923706055,0
2023-05-16,10.579999923706055,10.579999923706055,10.579999923706055,10.579999923706055,10.579999923706055,0
2023-05-17,10.579999923706055,10.579999923706055,10.579999923706055,10.579999923706055,10.579999923706055,0
2023-05-18,10.579999923706055,10.579999923706055,10.579999923706055,10.579999923706055,10.579999923706055,0
2023-05-19,10.579999923706055,10.579999923706055,10.579999923706055,10.579999923706055,10.579999923706055,0
2023-05-22,10.579999923706055,10.579999923706055,10.579999923706055,10.579999923706055,10.579999923706055,0
2023-05-23,10.579999923706055,10.579999923706055,10.579999923706055,10.579999923706055,10.579999923706055,0
2023-05-24,10.579999923706055,10.579999923706055,10.579999923706055,10.579999923706055,10.579999923706055,0
2023-05-25,10.579999923706055,10.579999923706055,10.579999923706055,10.579999923706055,10.579999923706055,0
2023-05-26,10.579999923706055,10.579999923706055,10.579999923706055,10.579999923706055,10.579999923706055,0
2023-05-30,10.579999923706055,10.579999923706055,10.579999923706055,10.579999923706055,10.579999923706055,0
2023-05-31,10.579999923706055,10.579999923706055,10.579999923706055,10.579999923706055,10.579999923706055,0
2023-06-01,10.579999923706055,10.579999923706055,10.579999923706055,10.579999923706055,10.579999923706055,0
2023-06-02,10.579999923706055,10.579999923706055,10.579999923706055,10.579999923706055,10.579999923706055,0
2023-06-05,10.579999923706055,10.579999923706055,10.579999923706055,10.579999923706055,10.579999923706055,0
2023-06-06,10.579999923706055,10.579999923706055,10.579999923706055,10.579999923706055,10.579999923706055,0
2023-06-07,10.579999923706055,10.579999923706055,10.579999923706055,10.579999923706055,10.579999923706055,0
2023-06-08,10.600000381469727,10.600000381469727,10.289999961853027,10.289999961853027,10.289999961853027,1020
2023-06-09,10.289999961853027,10.289999961853027,10.289999961853027,10.289999961853027,10.289999961853027,0
2023-06-12,10.289999961853027,10.289999961853027,10.289999961853027,10.289999961853027,10.289999961853027,0
2023-06-13,10.289999961853027,10.289999961853027,10.289999961853027,10.289999961853027,10.289999961853027,0
2023-06-14,10.289999961853027,10.289999961853027,10.289999961853027,10.289999961853027,10.289999961853027,0
2023-06-15,10.289999961853027,10.289999961853027,10.289999961853027,10.289999961853027,10.289999961853027,0
2023-06-16,10.289999961853027,10.289999961853027,10.289999961853027,10.289999961853027,10.289999961853027,0
2023-06-20,10.289999961853027,10.289999961853027,10.289999961853027,10.289999961853027,10.289999961853027,0
2023-06-21,10.289999961853027,10.289999961853027,10.289999961853027,10.289999961853027,10.289999961853027,0
2023-06-22,10.289999961853027,10.289999961853027,10.289999961853027,10.289999961853027,10.289999961853027,0
2023-06-23,10.289999961853027,10.289999961853027,10.289999961853027,10.289999961853027,10.289999961853027,0
2023-06-26,10.289999961853027,10.289999961853027,10.289999961853027,10.289999961853027,10.289999961853027,0
2023-06-27,10.289999961853027,10.289999961853027,10.289999961853027,10.289999961853027,10.289999961853027,0
2023-06-28,10.300000190734863,10.300000190734863,10.300000190734863,10.300000190734863,10.300000190734863,100
2023-06-29,10.300000190734863,10.300000190734863,10.300000190734863,10.300000190734863,10.300000190734863,0
2023-06-30,10.300000190734863,10.300000190734863,10.300000190734863,10.300000190734863,10.300000190734863,0
2023-07-03,10.300000190734863,10.300000190734863,10.300000190734863,10.300000190734863,10.300000190734863,0
2023-07-05,10.300000190734863,10.300000190734863,10.300000190734863,10.300000190734863,10.300000190734863,0
2023-07-06,10.300000190734863,10.300000190734863,10.300000190734863,10.300000190734863,10.300000190734863,0
2023-07-07,10.300000190734863,10.300000190734863,10.300000190734863,10.300000190734863,10.300000190734863,0
2023-07-10,10.300000190734863,10.300000190734863,10.300000190734863,10.300000190734863,10.300000190734863,0
2023-07-11,10.300000190734863,10.300000190734863,10.300000190734863,10.300000190734863,10.300000190734863,0
2023-07-12,10.300000190734863,10.300000190734863,10.300000190734863,10.300000190734863,10.300000190734863,0
2023-07-13,10.300000190734863,10.300000190734863,10.300000190734863,10.300000190734863,10.300000190734863,0
2023-07-14,10.300000190734863,10.300000190734863,10.300000190734863,10.300000190734863,10.300000190734863,0
2023-07-17,10.300000190734863,10.300000190734863,10.300000190734863,10.300000190734863,10.300000190734863,0
2023-07-18,10.300000190734863,10.300000190734863,10.300000190734863,10.300000190734863,10.300000190734863,0
2023-07-19,10.550000190734863,10.550000190734863,10.5,10.5,10.5,32175
2023-07-20,10.5,10.5,10.5,10.5,10.5,0
2023-07-21,10.5,10.5,10.5,10.5,10.5,0
2023-07-24,10.5,10.5,10.5,10.5,10.5,0
2023-07-25,10.5,10.5,10.5,10.5,10.5,0
2023-07-26,10.729999542236328,10.729999542236328,10.609999656677246,10.609999656677246,10.609999656677246,900
2023-07-27,10.609999656677246,10.609999656677246,10.609999656677246,10.609999656677246,10.609999656677246,0
2023-07-28,10.609999656677246,10.609999656677246,10.609999656677246,10.609999656677246,10.609999656677246,0
2023-07-31,10.779999732971191,10.779999732971191,10.779999732971191,10.779999732971191,10.779999732971191,101
2023-08-01,10.699999809265137,10.699999809265137,10.680000305175781,10.680000305175781,10.680000305175781,500
2023-08-02,10.680000305175781,10.680000305175781,10.680000305175781,10.680000305175781,10.680000305175781,0
2023-08-03,10.680000305175781,10.680000305175781,10.680000305175781,10.680000305175781,10.680000305175781,0
2023-08-04,10.680000305175781,10.680000305175781,10.680000305175781,10.680000305175781,10.680000305175781,0
2023-08-07,10.680000305175781,10.680000305175781,10.680000305175781,10.680000305175781,10.680000305175781,0
2023-08-08,10.680000305175781,10.680000305175781,10.680000305175781,10.680000305175781,10.680000305175781,0
2023-08-09,10.680000305175781,10.680000305175781,10.680000305175781,10.680000305175781,10.680000305175781,0
2023-08-10,10.680000305175781,10.680000305175781,10.680000305175781,10.680000305175781,10.680000305175781,0
2023-08-11,10.680000305175781,10.680000305175781,10.680000305175781,10.680000305175781,10.680000305175781,0
2023-08-14,10.680000305175781,10.680000305175781,10.680000305175781,10.680000305175781,10.680000305175781,0
2023-08-15,10.680000305175781,10.680000305175781,10.680000305175781,10.680000305175781,10.680000305175781,0
2023-08-16,10.680000305175781,10.680000305175781,10.680000305175781,10.680000305175781,10.680000305175781,0
2023-08-17,10.680000305175781,10.680000305175781,10.680000305175781,10.680000305175781,10.680000305175781,0
2023-08-18,10.680000305175781,10.680000305175781,10.680000305175781,10.680000305175781,10.680000305175781,0
2023-08-21,10.680000305175781,10.680000305175781,10.680000305175781,10.680000305175781,10.680000305175781,0
2023-08-22,10.680000305175781,10.680000305175781,10.680000305175781,10.680000305175781,10.680000305175781,0
2023-08-23,10.680000305175781,10.680000305175781,10.680000305175781,10.680000305175781,10.680000305175781,0
2023-08-24,10.680000305175781,10.680000305175781,10.680000305175781,10.680000305175781,10.680000305175781,0
2023-08-25,10.680000305175781,10.680000305175781,10.680000305175781,10.680000305175781,10.680000305175781,0
2023-08-28,10.680000305175781,10.680000305175781,10.680000305175781,10.680000305175781,10.680000305175781,0
2023-08-29,10.680000305175781,10.680000305175781,10.680000305175781,10.680000305175781,10.680000305175781,0
2023-08-30,10.680000305175781,10.680000305175781,10.680000305175781,10.680000305175781,10.680000305175781,0
2023-08-31,10.680000305175781,10.680000305175781,10.680000305175781,10.680000305175781,10.680000305175781,0
2023-09-01,10.680000305175781,10.680000305175781,10.680000305175781,10.680000305175781,10.680000305175781,0
2023-09-05,10.680000305175781,10.680000305175781,10.680000305175781,10.680000305175781,10.680000305175781,0
2023-09-06,10.680000305175781,10.680000305175781,10.680000305175781,10.680000305175781,10.680000305175781,0
2023-09-07,10.680000305175781,10.680000305175781,10.680000305175781,10.680000305175781,10.680000305175781,0
2023-09-08,10.680000305175781,10.680000305175781,10.680000305175781,10.680000305175781,10.680000305175781,0
2023-09-11,10.680000305175781,10.680000305175781,10.680000305175781,10.680000305175781,10.680000305175781,0
2023-09-12,10.680000305175781,10.680000305175781,10.680000305175781,10.680000305175781,10.680000305175781,0
2023-09-13,10.680000305175781,10.680000305175781,10.680000305175781,10.680000305175781,10.680000305175781,0
2023-09-14,10.680000305175781,10.680000305175781,10.680000305175781,10.680000305175781,10.680000305175781,0
2023-09-15,10.680000305175781,10.680000305175781,10.680000305175781,10.680000305175781,10.680000305175781,0
2023-09-18,10.680000305175781,10.680000305175781,10.680000305175781,10.680000305175781,10.680000305175781,0
2023-09-19,10.680000305175781,10.680000305175781,10.680000305175781,10.680000305175781,10.680000305175781,0
2023-09-20,10.680000305175781,10.680000305175781,10.680000305175781,10.680000305175781,10.680000305175781,0
2023-09-21,10.680000305175781,10.680000305175781,10.680000305175781,10.680000305175781,10.680000305175781,0
2023-09-22,10.680000305175781,10.680000305175781,10.680000305175781,10.680000305175781,10.680000305175781,0
2023-09-25,10.680000305175781,10.680000305175781,10.680000305175781,10.680000305175781,10.680000305175781,0
2023-09-26,10.680000305175781,10.680000305175781,10.680000305175781,10.680000305175781,10.680000305175781,0
2023-09-27,10.680000305175781,10.680000305175781,10.680000305175781,10.680000305175781,10.680000305175781,0
2023-09-28,10.680000305175781,10.680000305175781,10.680000305175781,10.680000305175781,10.680000305175781,0
2023-09-29,10.680000305175781,10.680000305175781,10.680000305175781,10.680000305175781,10.680000305175781,0
2023-10-02,10.680000305175781,10.680000305175781,10.680000305175781,10.680000305175781,10.680000305175781,0
2023-10-03,10.680000305175781,10.680000305175781,10.680000305175781,10.680000305175781,10.680000305175781,0
2023-10-04,10.680000305175781,10.680000305175781,10.680000305175781,10.680000305175781,10.680000305175781,0
2023-10-05,10.680000305175781,10.680000305175781,10.680000305175781,10.680000305175781,10.680000305175781,0
2023-10-06,10.680000305175781,10.680000305175781,10.680000305175781,10.680000305175781,10.680000305175781,0
2023-10-09,10.680000305175781,10.680000305175781,10.680000305175781,10.680000305175781,10.680000305175781,0
2023-10-10,10.680000305175781,10.680000305175781,10.680000305175781,10.680000305175781,10.680000305175781,0
2023-10-11,10.680000305175781,10.680000305175781,10.680000305175781,10.680000305175781,10.680000305175781,0
2023-10-12,10.680000305175781,10.680000305175781,10.680000305175781,10.680000305175781,10.680000305175781,0
2023-10-13,10.680000305175781,10.680000305175781,10.680000305175781,10.680000305175781,10.680000305175781,0
2023-10-16,10.680000305175781,10.680000305175781,10.680000305175781,10.680000305175781,10.680000305175781,0
2023-10-17,10.680000305175781,10.680000305175781,10.680000305175781,10.680000305175781,10.680000305175781,0
2023-10-18,10.699999809265137,10.699999809265137,10.699999809265137,10.699999809265137,10.699999809265137,5000
2023-10-19,10.699999809265137,10.699999809265137,10.699999809265137,10.699999809265137,10.699999809265137,0
2023-10-20,10.699999809265137,10.699999809265137,10.699999809265137,10.699999809265137,10.699999809265137,0
2023-10-23,10.699999809265137,10.699999809265137,10.699999809265137,10.699999809265137,10.699999809265137,0
2023-10-24,10.699999809265137,10.699999809265137,10.699999809265137,10.699999809265137,10.699999809265137,0
2023-10-25,10.699999809265137,10.699999809265137,10.699999809265137,10.699999809265137,10.699999809265137,0
2023-10-26,10.699999809265137,10.699999809265137,10.699999809265137,10.699999809265137,10.699999809265137,0
2023-10-27,10.699999809265137,10.699999809265137,10.699999809265137,10.699999809265137,10.699999809265137,0
2023-10-30,10.699999809265137,10.699999809265137,10.699999809265137,10.699999809265137,10.699999809265137,0
2023-10-31,10.699999809265137,10.699999809265137,10.699999809265137,10.699999809265137,10.699999809265137,0
2023-11-01,10.699999809265137,10.699999809265137,10.699999809265137,10.699999809265137,10.699999809265137,0
2023-11-02,10.899999618530273,10.899999618530273,10.899999618530273,10.899999618530273,10.899999618530273,100
2023-11-03,10.739999771118164,10.739999771118164,10.739999771118164,10.739999771118164,10.739999771118164,100
2023-11-06,10.739999771118164,10.739999771118164,10.739999771118164,10.739999771118164,10.739999771118164,0
2023-11-07,10.6899995803833,10.6899995803833,10.6899995803833,10.6899995803833,10.6899995803833,100
2023-11-08,10.6899995803833,10.6899995803833,10.6899995803833,10.6899995803833,10.6899995803833,0
2023-11-09,10.6899995803833,10.6899995803833,10.6899995803833,10.6899995803833,10.6899995803833,0
2023-11-10,10.6899995803833,10.6899995803833,10.6899995803833,10.6899995803833,10.6899995803833,0
2023-11-13,10.6899995803833,10.6899995803833,10.6899995803833,10.6899995803833,10.6899995803833,0
2023-11-14,10.800000190734863,10.800000190734863,10.800000190734863,10.800000190734863,10.800000190734863,1306
2023-11-15,10.800000190734863,10.800000190734863,10.800000190734863,10.800000190734863,10.800000190734863,0
2023-11-16,10.880000114440918,10.880000114440918,10.859999656677246,10.859999656677246,10.859999656677246,602
2023-11-17,10.869999885559082,10.869999885559082,10.869999885559082,10.869999885559082,10.869999885559082,1750
2023-11-20,10.869999885559082,10.869999885559082,10.869999885559082,10.869999885559082,10.869999885559082,0
2023-11-21,10.869999885559082,10.869999885559082,10.869999885559082,10.869999885559082,10.869999885559082,0
2023-11-22,10.869999885559082,10.869999885559082,10.869999885559082,10.869999885559082,10.869999885559082,0
2023-11-24,10.869999885559082,10.869999885559082,10.869999885559082,10.869999885559082,10.869999885559082,0
2023-11-27,10.869999885559082,10.869999885559082,10.869999885559082,10.869999885559082,10.869999885559082,0
2023-11-28,10.869999885559082,10.869999885559082,10.869999885559082,10.869999885559082,10.869999885559082,0
2023-11-29,10.869999885559082,10.869999885559082,10.869999885559082,10.869999885559082,10.869999885559082,0
2023-11-30,10.869999885559082,10.869999885559082,10.869999885559082,10.869999885559082,10.869999885559082,0
2023-12-01,10.869999885559082,10.869999885559082,10.869999885559082,10.869999885559082,10.869999885559082,0
2023-12-04,10.869999885559082,10.869999885559082,10.869999885559082,10.869999885559082,10.869999885559082,0
2023-12-05,10.920000076293945,10.920000076293945,10.920000076293945,10.920000076293945,10.920000076293945,10877
2023-12-06,10.920000076293945,10.920000076293945,10.920000076293945,10.920000076293945,10.920000076293945,0
2023-12-07,10.920000076293945,10.920000076293945,10.920000076293945,10.920000076293945,10.920000076293945,0
2023-12-08,10.920000076293945,10.920000076293945,10.920000076293945,10.920000076293945,10.920000076293945,0
2023-12-11,10.920000076293945,10.920000076293945,10.920000076293945,10.920000076293945,10.920000076293945,0
2023-12-12,10.920000076293945,10.920000076293945,10.920000076293945,10.920000076293945,10.920000076293945,0
2023-12-13,10.920000076293945,10.920000076293945,10.920000076293945,10.920000076293945,10.920000076293945,0
2023-12-14,10.920000076293945,10.920000076293945,10.920000076293945,10.920000076293945,10.920000076293945,0
2023-12-15,11.0,11.0,10.9399995803833,10.9399995803833,10.9399995803833,8275
2023-12-18,10.989999771118164,11.600000381469727,10.9399995803833,10.989999771118164,10.989999771118164,2401
2023-12-19,10.989999771118164,10.989999771118164,10.989999771118164,10.989999771118164,10.989999771118164,0
2023-12-20,10.989999771118164,10.989999771118164,10.989999771118164,10.989999771118164,10.989999771118164,0
2023-12-21,10.989999771118164,10.989999771118164,10.989999771118164,10.989999771118164,10.989999771118164,0
2023-12-22,10.989999771118164,10.989999771118164,10.989999771118164,10.989999771118164,10.989999771118164,0
2023-12-26,10.960000038146973,10.960000038146973,10.960000038146973,10.960000038146973,10.960000038146973,1058
2023-12-27,10.960000038146973,10.960000038146973,10.960000038146973,10.960000038146973,10.960000038146973,0
2023-12-28,10.960000038146973,10.960000038146973,10.960000038146973,10.960000038146973,10.960000038146973,0
2023-12-29,10.960000038146973,10.960000038146973,10.515000343322754,10.899999618530273,10.899999618530273,25567
2024-01-02,10.899999618530273,10.899999618530273,10.899999618530273,10.899999618530273,10.899999618530273,0
2024-01-03,10.960000038146973,10.960000038146973,10.960000038146973,10.960000038146973,10.960000038146973,178
2024-01-04,10.960000038146973,10.960000038146973,10.960000038146973,10.960000038146973,10.960000038146973,0
2024-01-05,10.960000038146973,10.960000038146973,10.960000038146973,10.960000038146973,10.960000038146973,0
2024-01-08,10.960000038146973,10.960000038146973,10.960000038146973,10.960000038146973,10.960000038146973,0
2024-01-09,10.960000038146973,10.960000038146973,10.960000038146973,10.960000038146973,10.960000038146973,0
2024-01-10,10.960000038146973,10.960000038146973,10.960000038146973,10.960000038146973,10.960000038146973,0
2024-01-11,10.949999809265137,10.949999809265137,10.949999809265137,10.949999809265137,10.949999809265137,107
2024-01-12,10.949999809265137,10.949999809265137,10.949999809265137,10.949999809265137,10.949999809265137,0
2024-01-16,10.949999809265137,10.949999809265137,10.949999809265137,10.949999809265137,10.949999809265137,0
2024-01-17,10.949999809265137,10.949999809265137,10.949999809265137,10.949999809265137,10.949999809265137,0
2024-01-18,10.949999809265137,10.949999809265137,10.949999809265137,10.949999809265137,10.949999809265137,0
2024-01-19,10.949999809265137,10.949999809265137,10.949999809265137,10.949999809265137,10.949999809265137,0
2024-01-22,10.949999809265137,10.949999809265137,10.949999809265137,10.949999809265137,10.949999809265137,0
2024-01-23,10.949999809265137,10.949999809265137,10.949999809265137,10.949999809265137,10.949999809265137,0
2024-01-24,10.949999809265137,10.949999809265137,10.949999809265137,10.949999809265137,10.949999809265137,0
2024-01-25,11.039999961853027,11.039999961853027,11.039999961853027,11.039999961853027,11.039999961853027,200
2024-01-26,11.039999961853027,11.039999961853027,11.039999961853027,11.039999961853027,11.039999961853027,0
2024-01-29,11.050000190734863,11.050000190734863,11.050000190734863,11.050000190734863,11.050000190734863,1999
2024-01-30,11.050000190734863,11.050000190734863,11.050000190734863,11.050000190734863,11.050000190734863,0
2024-01-31,11.050000190734863,11.050000190734863,11.050000190734863,11.050000190734863,11.050000190734863,0
2024-02-01,11.050000190734863,11.050000190734863,11.050000190734863,11.050000190734863,11.050000190734863,0
2024-02-02,11.050000190734863,11.050000190734863,11.050000190734863,11.050000190734863,11.050000190734863,0
2024-02-05,11.149999618530273,11.609999656677246,11.050000190734863,11.140000343322754,11.140000343322754,2725
2024-02-06,11.140000343322754,11.758000373840332,11.09000015258789,11.640000343322754,11.640000343322754,2660
2024-02-07,11.15999984741211,11.210000038146973,11.050000190734863,11.050000190734863,11.050000190734863,2100
2024-02-08,11.180000305175781,11.180000305175781,11.180000305175781,11.180000305175781,11.180000305175781,400
2024-02-09,11.180000305175781,11.180000305175781,11.180000305175781,11.180000305175781,11.180000305175781,0
2024-02-12,11.170000076293945,11.170000076293945,11.170000076293945,11.170000076293945,11.170000076293945,226
2024-02-13,11.170000076293945,11.170000076293945,11.170000076293945,11.170000076293945,11.170000076293945,0
2024-02-14,11.170000076293945,11.170000076293945,11.170000076293945,11.170000076293945,11.170000076293945,0
2024-02-15,11.170000076293945,11.170000076293945,11.170000076293945,11.170000076293945,11.170000076293945,0
2024-02-16,11.170000076293945,11.170000076293945,11.170000076293945,11.170000076293945,11.170000076293945,0
2024-02-20,11.170000076293945,11.170000076293945,11.170000076293945,11.170000076293945,11.170000076293945,0
2024-02-21,11.100000381469727,11.100000381469727,11.100000381469727,11.100000381469727,11.100000381469727,100
2024-02-22,11.100000381469727,11.100000381469727,11.100000381469727,11.100000381469727,11.100000381469727,110
2024-02-23,11.0600004196167,11.0600004196167,11.0600004196167,11.0600004196167,11.0600004196167,100
2024-02-26,11.050000190734863,11.050000190734863,11.050000190734863,11.050000190734863,11.050000190734863,100
2024-02-27,11.050000190734863,11.050000190734863,11.050000190734863,11.050000190734863,11.050000190734863,120
2024-02-28,11.050000190734863,11.050000190734863,11.050000190734863,11.050000190734863,11.050000190734863,110
2024-02-29,11.050000190734863,11.050000190734863,11.050000190734863,11.050000190734863,11.050000190734863,100
2024-03-01,11.050000190734863,11.050000190734863,11.050000190734863,11.050000190734863,11.050000190734863,0
2024-03-04,11.050000190734863,11.050000190734863,11.050000190734863,11.050000190734863,11.050000190734863,0
2024-03-05,11.050000190734863,11.050000190734863,11.050000190734863,11.050000190734863,11.050000190734863,0
2024-03-06,11.050000190734863,11.050000190734863,11.050000190734863,11.050000190734863,11.050000190734863,0
2024-03-07,11.5,12.583800315856934,11.5,12.583800315856934,12.583800315856934,1660
2024-03-08,12.600000381469727,12.600000381469727,11.25,11.25,11.25,1900
2024-03-11,11.25,11.25,11.25,11.25,11.25,0
2024-03-12,11.050000190734863,11.40999984741211,11.050000190734863,11.300000190734863,11.300000190734863,15016
2024-03-13,11.300000190734863,11.300000190734863,11.300000190734863,11.300000190734863,11.300000190734863,0
2024-03-14,11.300000190734863,11.300000190734863,11.300000190734863,11.300000190734863,11.300000190734863,0
2024-03-15,11.300000190734863,11.300000190734863,11.300000190734863,11.300000190734863,11.300000190734863,0
2024-03-18,11.300000190734863,11.300000190734863,11.300000190734863,11.300000190734863,11.300000190734863,0
2024-03-19,11.300000190734863,11.300000190734863,11.300000190734863,11.300000190734863,11.300000190734863,0
2024-03-20,11.300000190734863,11.300000190734863,11.300000190734863,11.300000190734863,11.300000190734863,0
2024-03-21,11.300000190734863,11.300000190734863,11.300000190734863,11.300000190734863,11.300000190734863,0
2024-03-22,11.100000381469727,11.100000381469727,11.100000381469727,11.100000381469727,11.100000381469727,155
2024-03-25,11.100000381469727,11.100000381469727,11.100000381469727,11.100000381469727,11.100000381469727,0
2024-03-26,11.100000381469727,11.100000381469727,11.100000381469727,11.100000381469727,11.100000381469727,0
2024-03-27,11.100000381469727,11.100000381469727,11.100000381469727,11.100000381469727,11.100000381469727,0
2024-03-28,11.100000381469727,11.100000381469727,11.100000381469727,11.100000381469727,11.100000381469727,0
2024-04-01,11.100000381469727,11.100000381469727,11.100000381469727,11.100000381469727,11.100000381469727,0
2024-04-02,11.100000381469727,11.100000381469727,11.100000381469727,11.100000381469727,11.100000381469727,0
2024-04-03,11.100000381469727,11.100000381469727,11.100000381469727,11.100000381469727,11.100000381469727,0
2024-04-04,11.100000381469727,11.100000381469727,11.100000381469727,11.100000381469727,11.100000381469727,0
2024-04-05,11.100000381469727,11.100000381469727,11.100000381469727,11.100000381469727,11.100000381469727,0
2024-04-08,11.100000381469727,11.100000381469727,11.100000381469727,11.100000381469727,11.100000381469727,0
2024-04-09,11.100000381469727,11.100000381469727,11.100000381469727,11.100000381469727,11.100000381469727,0
2024-04-10,11.100000381469727,11.100000381469727,11.100000381469727,11.100000381469727,11.100000381469727,0
2024-04-11,11.100000381469727,11.100000381469727,11.100000381469727,11.100000381469727,11.100000381469727,0
2024-04-12,11.100000381469727,11.100000381469727,11.100000381469727,11.100000381469727,11.100000381469727,0
2024-04-15,11.100000381469727,11.100000381469727,11.100000381469727,11.100000381469727,11.100000381469727,0
2024-04-16,11.100000381469727,11.100000381469727,11.100000381469727,11.100000381469727,11.100000381469727,0
2024-04-17,11.100000381469727,11.100000381469727,11.100000381469727,11.100000381469727,11.100000381469727,0
2024-04-18,11.100000381469727,11.100000381469727,11.100000381469727,11.100000381469727,11.100000381469727,0
2024-04-19,11.220000267028809,11.220000267028809,11.220000267028809,11.220000267028809,11.220000267028809,137
2024-04-22,11.220000267028809,11.220000267028809,11.220000267028809,11.220000267028809,11.220000267028809,0
2024-04-23,11.220000267028809,11.220000267028809,11.220000267028809,11.220000267028809,11.220000267028809,0
2024-04-24,11.220000267028809,11.220000267028809,11.220000267028809,11.220000267028809,11.220000267028809,0
2024-04-25,11.220000267028809,11.220000267028809,11.220000267028809,11.220000267028809,11.220000267028809,0
2024-04-26,11.220000267028809,11.220000267028809,11.220000267028809,11.220000267028809,11.220000267028809,0
2024-04-29,11.369999885559082,11.369999885559082,11.369999885559082,11.369999885559082,11.369999885559082,430
2024-04-30,11.394399642944336,11.394399642944336,11.390000343322754,11.390000343322754,11.390000343322754,200
2024-05-01,11.390000343322754,11.390000343322754,11.390000343322754,11.390000343322754,11.390000343322754,0
2024-05-02,11.390000343322754,11.390000343322754,11.390000343322754,11.390000343322754,11.390000343322754,0
2024-05-03,11.390000343322754,11.390000343322754,11.390000343322754,11.390000343322754,11.390000343322754,0
2024-05-06,11.390000343322754,11.390000343322754,11.390000343322754,11.390000343322754,11.390000343322754,0
2024-05-07,11.390000343322754,11.390000343322754,11.390000343322754,11.390000343322754,11.390000343322754,0
2024-05-08,11.390000343322754,11.390000343322754,11.390000343322754,11.390000343322754,11.390000343322754,0
2024-05-09,11.390000343322754,11.390000343322754,11.390000343322754,11.390000343322754,11.390000343322754,0
2024-05-10,11.390000343322754,11.390000343322754,11.390000343322754,11.390000343322754,11.390000343322754,0
2024-05-13,11.390000343322754,11.390000343322754,11.390000343322754,11.390000343322754,11.390000343322754,0
2024-05-14,11.390000343322754,11.390000343322754,11.390000343322754,11.390000343322754,11.390000343322754,0
2024-05-15,11.220000267028809,11.220000267028809,11.220000267028809,11.220000267028809,11.220000267028809,321
2024-05-16,11.220000267028809,11.220000267028809,11.220000267028809,11.220000267028809,11.220000267028809,0
2024-05-17,11.220000267028809,11.220000267028809,11.220000267028809,11.220000267028809,11.220000267028809,0
2024-05-20,11.220000267028809,11.220000267028809,11.220000267028809,11.220000267028809,11.220000267028809,0
2024-05-21,11.220000267028809,11.220000267028809,11.220000267028809,11.220000267028809,11.220000267028809,525
2024-05-22,11.220000267028809,11.220000267028809,11.220000267028809,11.220000267028809,11.220000267028809,0
2024-05-23,11.220000267028809,11.220000267028809,11.220000267028809,11.220000267028809,11.220000267028809,0
2024-05-24,11.220000267028809,11.220000267028809,11.220000267028809,11.220000267028809,11.220000267028809,0
2024-05-28,11.220000267028809,11.220000267028809,11.220000267028809,11.220000267028809,11.220000267028809,0
2024-05-29,11.220000267028809,11.220000267028809,11.220000267028809,11.220000267028809,11.220000267028809,0
2024-05-30,11.220000267028809,11.220000267028809,11.220000267028809,11.220000267028809,11.220000267028809,0
2024-05-31,11.220000267028809,11.220000267028809,11.220000267028809,11.220000267028809,11.220000267028809,0
2024-06-03,11.220000267028809,11.220000267028809,11.220000267028809,11.220000267028809,11.220000267028809,0
2024-06-04,11.220000267028809,11.220000267028809,11.220000267028809,11.220000267028809,11.220000267028809,0
2024-06-05,11.220000267028809,11.220000267028809,11.220000267028809,11.220000267028809,11.220000267028809,0
2024-06-06,11.220000267028809,11.220000267028809,11.220000267028809,11.220000267028809,11.220000267028809,0
2024-06-07,11.220000267028809,11.220000267028809,11.220000267028809,11.220000267028809,11.220000267028809,0
2024-06-10,11.220000267028809,11.220000267028809,11.220000267028809,11.220000267028809,11.220000267028809,0
2024-06-11,11.220000267028809,11.220000267028809,11.220000267028809,11.220000267028809,11.220000267028809,0
2024-06-12,11.220000267028809,11.220000267028809,11.220000267028809,11.220000267028809,11.220000267028809,0
2024-06-13,11.220000267028809,11.220000267028809,11.220000267028809,11.220000267028809,11.220000267028809,0
2024-06-14,11.220000267028809,11.220000267028809,11.220000267028809,11.220000267028809,11.220000267028809,0
2024-06-17,11.220000267028809,11.220000267028809,11.220000267028809,11.220000267028809,11.220000267028809,0
2024-06-18,11.220000267028809,11.220000267028809,11.220000267028809,11.220000267028809,11.220000267028809,0
2024-06-20,11.220000267028809,11.220000267028809,11.220000267028809,11.220000267028809,11.220000267028809,0
2024-06-21,11.220000267028809,11.220000267028809,11.220000267028809,11.220000267028809,11.220000267028809,0
2024-06-24,11.220000267028809,11.220000267028809,11.220000267028809,11.220000267028809,11.220000267028809,0
2024-06-25,11.220000267028809,11.220000267028809,11.220000267028809,11.220000267028809,11.220000267028809,0
2024-06-26,11.220000267028809,11.220000267028809,11.220000267028809,11.220000267028809,11.220000267028809,0
2024-06-27,11.220000267028809,11.220000267028809,11.220000267028809,11.220000267028809,11.220000267028809,0
2024-06-28,11.220000267028809,11.220000267028809,11.220000267028809,11.220000267028809,11.220000267028809,0
2024-07-01,11.220000267028809,11.220000267028809,11.220000267028809,11.220000267028809,11.220000267028809,0
2024-07-02,11.220000267028809,11.220000267028809,11.220000267028809,11.220000267028809,11.220000267028809,0
2024-07-03,11.220000267028809,11.220000267028809,11.220000267028809,11.220000267028809,11.220000267028809,0
2024-07-05,11.220000267028809,11.220000267028809,11.220000267028809,11.220000267028809,11.220000267028809,0
2024-07-08,11.220000267028809,11.220000267028809,11.220000267028809,11.220000267028809,11.220000267028809,0
2024-07-09,11.220000267028809,11.220000267028809,11.220000267028809,11.220000267028809,11.220000267028809,0
2024-07-10,11.220000267028809,11.220000267028809,11.220000267028809,11.220000267028809,11.220000267028809,0
2024-07-11,11.220000267028809,11.220000267028809,11.220000267028809,11.220000267028809,11.220000267028809,0
2024-07-12,11.220000267028809,11.220000267028809,11.220000267028809,11.220000267028809,11.220000267028809,0
2024-07-15,11.220000267028809,11.220000267028809,11.220000267028809,11.220000267028809,11.220000267028809,0
2024-07-16,11.220000267028809,11.220000267028809,11.220000267028809,11.220000267028809,11.220000267028809,0
2024-07-17,11.317099571228027,11.317099571228027,11.317099571228027,11.317099571228027,11.317099571228027,100
2024-07-18,11.392999649047852,11.392999649047852,11.392999649047852,11.392999649047852,11.392999649047852,100
2024-07-19,11.392999649047852,11.392999649047852,11.392999649047852,11.392999649047852,11.392999649047852,100
2024-07-22,11.392999649047852,11.392999649047852,11.392999649047852,11.392999649047852,11.392999649047852,0
2024-07-23,11.392999649047852,11.392999649047852,11.392999649047852,11.392999649047852,11.392999649047852,0
2024-07-24,11.392999649047852,11.392999649047852,11.392999649047852,11.392999649047852,11.392999649047852,0
2024-07-25,11.392999649047852,11.392999649047852,11.392999649047852,11.392999649047852,11.392999649047852,0
2024-07-26,11.392999649047852,11.392999649047852,11.392999649047852,11.392999649047852,11.392999649047852,0
2024-07-29,11.3100004196167,11.319999694824219,11.3100004196167,11.3100004196167,11.3100004196167,1025
2024-07-30,11.3100004196167,11.3100004196167,11.3100004196167,11.3100004196167,11.3100004196167,0
2024-07-31,11.378399848937988,11.378399848937988,11.378399848937988,11.378399848937988,11.378399848937988,171
2024-08-01,11.390000343322754,11.390000343322754,11.390000343322754,11.390000343322754,11.390000343322754,361
2024-08-02,11.390000343322754,11.390000343322754,11.390000343322754,11.390000343322754,11.390000343322754,0
2024-08-05,11.390000343322754,11.390000343322754,11.390000343322754,11.390000343322754,11.390000343322754,0
2024-08-06,11.390000343322754,11.390000343322754,11.390000343322754,11.390000343322754,11.390000343322754,0
2024-08-07,11.550000190734863,11.670000076293945,11.510000228881836,11.520000457763672,11.520000457763672,886
2024-08-08,11.600000381469727,11.600000381469727,11.600000381469727,11.600000381469727,11.600000381469727,201
2024-08-09,11.600000381469727,11.600000381469727,11.600000381469727,11.600000381469727,11.600000381469727,0
2024-08-12,11.600000381469727,11.600000381469727,11.600000381469727,11.600000381469727,11.600000381469727,138
2024-08-13,11.600000381469727,11.600000381469727,11.600000381469727,11.600000381469727,11.600000381469727,0
2024-08-14,11.600000381469727,11.600000381469727,11.600000381469727,11.600000381469727,11.600000381469727,0
2024-08-15,11.600000381469727,11.600000381469727,11.600000381469727,11.600000381469727,11.600000381469727,0
2024-08-16,11.600000381469727,11.600000381469727,11.600000381469727,11.600000381469727,11.600000381469727,0
2024-08-19,11.600000381469727,11.600000381469727,11.600000381469727,11.600000381469727,11.600000381469727,145
2024-08-20,11.600000381469727,11.600000381469727,11.600000381469727,11.600000381469727,11.600000381469727,0
2024-08-21,11.40999984741211,11.40999984741211,11.40999984741211,11.40999984741211,11.40999984741211,210
2024-08-22,11.5600004196167,11.5600004196167,11.5600004196167,11.5600004196167,11.5600004196167,202
2024-08-23,11.650099754333496,11.650099754333496,11.649999618530273,11.649999618530273,11.649999618530273,289
2024-08-26,11.739999771118164,11.739999771118164,11.649999618530273,11.649999618530273,11.649999618530273,443
2024-08-27,11.649999618530273,11.649999618530273,11.640000343322754,11.649999618530273,11.649999618530273,600
2024-08-28,11.649999618530273,11.649999618530273,11.649999618530273,11.649999618530273,11.649999618530273,0
2024-08-29,11.649999618530273,11.649999618530273,11.649999618530273,11.649999618530273,11.649999618530273,0
2024-08-30,11.649999618530273,11.649999618530273,11.649999618530273,11.649999618530273,11.649999618530273,0
2024-09-03,11.649999618530273,11.65999984741211,11.649999618530273,11.65999984741211,11.65999984741211,473
2024-09-04,11.65999984741211,11.65999984741211,11.65999984741211,11.65999984741211,11.65999984741211,0
2024-09-05,11.65999984741211,11.65999984741211,11.65999984741211,11.65999984741211,11.65999984741211,0
2024-09-06,11.65999984741211,11.65999984741211,11.65999984741211,11.65999984741211,11.65999984741211,0
2024-09-09,11.65999984741211,11.65999984741211,11.65999984741211,11.65999984741211,11.65999984741211,0
2024-09-10,11.65999984741211,11.65999984741211,11.65999984741211,11.65999984741211,11.65999984741211,0
2024-09-11,11.65999984741211,11.65999984741211,11.65999984741211,11.65999984741211,11.65999984741211,0
2024-09-12,11.65999984741211,11.65999984741211,11.65999984741211,11.65999984741211,11.65999984741211,0
2024-09-13,11.65999984741211,11.65999984741211,11.65999984741211,11.65999984741211,11.65999984741211,0
2024-09-16,11.65999984741211,11.65999984741211,11.65999984741211,11.65999984741211,11.65999984741211,0
2024-09-17,11.65999984741211,11.65999984741211,11.65999984741211,11.65999984741211,11.65999984741211,102
2024-09-18,11.65999984741211,11.65999984741211,11.65999984741211,11.65999984741211,11.65999984741211,0
2024-09-19,11.65999984741211,11.65999984741211,11.65999984741211,11.65999984741211,11.65999984741211,0
2024-09-20,11.65999984741211,11.65999984741211,11.65999984741211,11.65999984741211,11.65999984741211,0
2024-09-23,11.65999984741211,11.65999984741211,11.65999984741211,11.65999984741211,11.65999984741211,0
2024-09-24,11.65999984741211,11.65999984741211,11.65999984741211,11.65999984741211,11.65999984741211,0
2024-09-25,11.65999984741211,11.65999984741211,11.65999984741211,11.65999984741211,11.65999984741211,0
2024-09-26,11.550000190734863,11.550000190734863,11.550000190734863,11.550000190734863,11.550000190734863,503
2024-09-27,11.550000190734863,11.550000190734863,11.550000190734863,11.550000190734863,11.550000190734863,0
2024-09-30,11.550000190734863,11.550000190734863,11.550000190734863,11.550000190734863,11.550000190734863,0
2024-10-01,11.550000190734863,11.550000190734863,11.550000190734863,11.550000190734863,11.550000190734863,0
2024-10-02,11.550000190734863,11.550000190734863,11.550000190734863,11.550000190734863,11.550000190734863,0
2024-10-03,11.550000190734863,11.550000190734863,11.550000190734863,11.550000190734863,11.550000190734863,0
2024-10-04,11.550000190734863,11.550000190734863,11.550000190734863,11.550000190734863,11.550000190734863,0
2024-10-07,11.550000190734863,11.550000190734863,11.550000190734863,11.550000190734863,11.550000190734863,0
2024-10-08,11.550000190734863,11.550000190734863,11.550000190734863,11.550000190734863,11.550000190734863,0
2024-10-09,11.550000190734863,11.550000190734863,11.550000190734863,11.550000190734863,11.550000190734863,0
2024-10-10,11.550000190734863,11.550000190734863,11.550000190734863,11.550000190734863,11.550000190734863,0
2024-10-11,11.550000190734863,11.550000190734863,11.550000190734863,11.550000190734863,11.550000190734863,0
2024-10-14,11.550000190734863,11.550000190734863,11.550000190734863,11.550000190734863,11.550000190734863,0
2024-10-15,11.550000190734863,11.550000190734863,11.550000190734863,11.550000190734863,11.550000190734863,0
2024-10-16,11.65999984741211,11.65999984741211,11.65999984741211,11.65999984741211,11.65999984741211,130
2024-10-17,11.65999984741211,11.65999984741211,11.65999984741211,11.65999984741211,11.65999984741211,0
2024-10-18,11.65999984741211,11.65999984741211,11.65999984741211,11.65999984741211,11.65999984741211,0
2024-10-21,11.65999984741211,11.65999984741211,11.65999984741211,11.65999984741211,11.65999984741211,0
2024-10-22,11.65999984741211,11.65999984741211,11.65999984741211,11.65999984741211,11.65999984741211,0
2024-10-23,11.65999984741211,11.65999984741211,11.65999984741211,11.65999984741211,11.65999984741211,0
2024-10-24,11.65999984741211,11.65999984741211,11.65999984741211,11.65999984741211,11.65999984741211,0
2024-10-25,11.65999984741211,11.65999984741211,11.65999984741211,11.65999984741211,11.65999984741211,0
2024-10-28,11.65999984741211,11.65999984741211,11.65999984741211,11.65999984741211,11.65999984741211,0
2024-10-29,11.65999984741211,11.65999984741211,11.65999984741211,11.65999984741211,11.65999984741211,0
2024-10-30,11.65999984741211,11.65999984741211,11.65999984741211,11.65999984741211,11.65999984741211,0
2024-10-31,11.600000381469727,11.600000381469727,11.600000381469727,11.600000381469727,11.600000381469727,240
2024-11-01,11.600000381469727,11.600000381469727,11.600000381469727,11.600000381469727,11.600000381469727,0
2024-11-04,11.600000381469727,11.600000381469727,11.600000381469727,11.600000381469727,11.600000381469727,0
2024-11-05,11.600000381469727,11.600000381469727,11.600000381469727,11.600000381469727,11.600000381469727,0
2024-11-06,11.600000381469727,11.600000381469727,11.600000381469727,11.600000381469727,11.600000381469727,0
2024-11-07,11.600000381469727,11.600000381469727,11.600000381469727,11.600000381469727,11.600000381469727,0
2024-11-08,11.600000381469727,11.600000381469727,11.600000381469727,11.600000381469727,11.600000381469727,119
2024-11-11,11.600000381469727,11.600000381469727,11.600000381469727,11.600000381469727,11.600000381469727,0
2024-11-12,11.600000381469727,11.600000381469727,11.600000381469727,11.600000381469727,11.600000381469727,0
2024-11-13,11.600000381469727,11.600000381469727,11.600000381469727,11.600000381469727,11.600000381469727,0
2024-11-14,11.600000381469727,11.600000381469727,11.600000381469727,11.600000381469727,11.600000381469727,0
2024-11-15,11.600000381469727,11.600000381469727,11.600000381469727,11.600000381469727,11.600000381469727,0
2024-11-18,11.670000076293945,11.670000076293945,11.670000076293945,11.670000076293945,11.670000076293945,255
2024-11-19,11.631699562072754,11.75,11.631699562072754,11.75,11.75,530
2024-11-20,11.800000190734863,11.800000190734863,11.75,11.75,11.75,400
2024-11-21,11.800000190734863,11.800000190734863,11.800000190734863,11.800000190734863,11.800000190734863,207
2024-11-22,11.800000190734863,11.800000190734863,11.800000190734863,11.800000190734863,11.800000190734863,100
2024-11-25,12.031499862670898,12.031499862670898,12.031499862670898,12.031499862670898,12.031499862670898,100
2024-11-26,12.390999794006348,12.390999794006348,11.875,11.875,11.875,430
2024-11-27,11.949999809265137,11.949999809265137,11.880000114440918,11.880000114440918,11.880000114440918,361
2024-11-29,11.880000114440918,11.880000114440918,11.880000114440918,11.880000114440918,11.880000114440918,0
2024-12-02,12.25,12.399999618530273,11.880000114440918,11.880000114440918,11.880000114440918,852
2024-12-03,11.899999618530273,11.920000076293945,11.899999618530273,11.899999618530273,11.899999618530273,948
2024-12-04,12.020000457763672,12.020000457763672,11.899999618530273,11.899999618530273,11.899999618530273,566
2024-12-05,11.899999618530273,11.899999618530273,11.899999618530273,11.899999618530273,11.899999618530273,0
2024-12-06,11.899999618530273,11.899999618530273,11.899999618530273,11.899999618530273,11.899999618530273,0
2024-12-09,12.0,12.0,12.0,12.0,12.0,100
2024-12-10,12.0,12.0,12.0,12.0,12.0,0
2024-12-11,12.0,12.0,12.0,12.0,12.0,0
2024-12-12,12.0,12.0,12.0,12.0,12.0,0
2024-12-13,12.0,12.0,12.0,12.0,12.0,0
2024-12-16,11.779999732971191,11.779999732971191,11.739999771118164,11.749899864196777,11.749899864196777,2371
2024-12-17,11.749899864196777,11.749899864196777,11.749899864196777,11.749899864196777,11.749899864196777,0
2024-12-18,11.749899864196777,11.749899864196777,11.749899864196777,11.749899864196777,11.749899864196777,0
2024-12-19,11.749899864196777,11.749899864196777,11.749899864196777,11.749899864196777,11.749899864196777,0
2024-12-20,11.749899864196777,11.749899864196777,11.749899864196777,11.749899864196777,11.749899864196777,0
2024-12-23,11.710000038146973,11.760000228881836,11.710000038146973,11.760000228881836,11.760000228881836,700
2024-12-24,11.779999732971191,11.779999732971191,11.779999732971191,11.779999732971191,11.779999732971191,100
2024-12-26,11.779999732971191,11.779999732971191,11.779999732971191,11.779999732971191,11.779999732971191,0
2024-12-27,12.100000381469727,12.100000381469727,12.100000381469727,12.100000381469727,12.100000381469727,200
2024-12-30,12.100000381469727,12.100000381469727,12.100000381469727,12.100000381469727,12.100000381469727,0
